,Base Unit,flow expr,type,Real Name,Py Name,Unit,equi
0,Week,,constant,Average Tenure,average_tenure,"[30,300,1]",45.953776869992105
1,Week,,flow,Departure,departure,Persons/Week,
2,Week,,table function,Effect of Pressure on Hiring,effect_of_pressure_on_hiring,,
3,Week,,auxiliary,Expert Task Completion,expert_task_completion,Tasks/Week,
4,Week,,constant,Expert Time per Task,expert_time_per_task,Person*Hours,5.0
5,Week,,constant,Expert Workweek,expert_workweek,Hours/Week,60.0
6,Week,,auxiliary,"""Expert-Hours on Task per Week""",experthours_on_task_per_week,Person*Hours/Week,
7,Week,,auxiliary,"""Expert-Hours Spent on Rookie Supervision per Week""",experthours_spent_on_rookie_supervision_per_week,Hours*Person/Week,
8,Week,,auxiliary,"""Expert-Hours Worked per Week""",experthours_worked_per_week,Hours*Person/Week,
9,Week,Maturation-Departure,stock,Experts,experts,,
10,Week,,flow,Hiring,hiring,Persons/Week,
11,Week,,constant,Hours of Supervision Required per Rookie Per Week,hours_of_supervision_required_per_rookie_per_week,Person*Hours/Person,10.0
12,Week,,flow,Maturation,maturation,Persons/Week,
13,Week,,constant,Maturation Time,maturation_time,"Weeks [0,80]",7.7229910104261075
14,Week,,auxiliary,Pressure to Hire,pressure_to_hire,,
15,Week,,auxiliary,Rookie Task Completion,rookie_task_completion,Tasks/Week,
16,Week,,constant,Rookie Time per Task,rookie_time_per_task,Person*Hours,15.0
17,Week,,constant,Rookie Workweek,rookie_workweek,Hours/Week,60.0
18,Week,,auxiliary,"""Rookie-Hours on Task per Week""",rookiehours_on_task_per_week,Person*Hours/Week,
19,Week,,auxiliary,"""Rookie-Hours Worked per Week""",rookiehours_worked_per_week,Person Hours,
20,Week,Hiring-Maturation,stock,Rookies,rookies,,
21,Week,,constant,Target Backlog,target_backlog,,273.00320839475916
22,Week,,flow,Task Arrival,task_arrival,Tasks/Week,
23,Week,Task Arrival-Task Completion,stock,Task Backlog,task_backlog,Tasks,
24,Week,,flow,Task Completion,task_completion,,
25,Week,,builtin,FINAL TIME,final_time,Week,
26,Week,,builtin,INITIAL TIME,initial_time,Week,
27,Week,,builtin,SAVEPER,saveper,"Week [0,?]",
28,Week,,builtin,TIME STEP,time_step,"Week [0,?]",
29,Week,,constant,init Experts,init_experts,,42.49848544298895
30,Week,,constant,init Rookies,init_rookies,,7.142294780682624
31,Week,,constant,init Task Backlog,init_task_backlog,Tasks,230.00000000429065
