,Base Unit,FINAL TIME,INIT,INITIAL TIME,Model name,Number of elements,TIME STEP,comment,det_sub_ins,elements,eqn,expr,flow expr,function,function list,init expr,math type,name,no of functions,no of sub_ins,no of subs,sub_expr,subs,table expr,type,unit
0,Week,150,NA,0,workforce,0,0.03125,,NA,NA,Average Tenure=35,35,NA,NA,[],NA,regular,Average Tenure,0,1,NA,NA,NA,NA,constant,"[30,300,1]"
1,Week,150,NA,0,workforce,2,0.03125,,NA,"['Experts', 'Average Tenure']",Departure=Experts / Average Tenure,Experts / Average Tenure,NA,NA,[],NA,regular,Departure,0,1,NA,NA,NA,NA,flow,Persons/Week
2,Week,150,NA,0,workforce,2,0.03125,,NA,"['Effect of Pressure on Hiring', 'table_expr']","Effect of Pressure on Hiring([(-1,0)-(3,30)],(-1,0),(-0.25,0),(0,2.5),(0.5,15),(1,20),(2,25),(3,25))",Effect of Pressure on Hiring(table_expr),NA,NA,[],NA,regular,Effect of Pressure on Hiring,0,1,NA,NA,NA,"([(-1,0)-(3,30)],(-1,0),(-0.25,0),(0,2.5),(0.5,15),(1,20),(2,25),(3,25))",table function,
3,Week,150,NA,0,workforce,2,0.03125,,NA,"['""Expert-Hours on Task per Week""', 'Expert Time per Task']","Expert Task Completion=""Expert-Hours on Task per Week""/Expert Time per Task","""Expert-Hours on Task per Week""/Expert Time per Task",NA,NA,[],NA,regular,Expert Task Completion,0,1,NA,NA,NA,NA,auxiliary,Tasks/Week
4,Week,150,NA,0,workforce,0,0.03125,,NA,NA,Expert Time per Task=10,10,NA,NA,[],NA,regular,Expert Time per Task,0,1,NA,NA,NA,NA,constant,Person*Hours
5,Week,150,NA,0,workforce,0,0.03125,,NA,NA,Expert Workweek=40,40,NA,NA,[],NA,regular,Expert Workweek,0,1,NA,NA,NA,NA,constant,Hours/Week
6,Week,150,NA,0,workforce,2,0.03125,,NA,"['""Expert-Hours Worked per Week""', '""Expert-Hours Spent on Rookie Supervision per Week""']","""Expert-Hours on Task per Week""=""Expert-Hours Worked per Week""-""Expert-Hours Spent on Rookie Supervision per Week""","""Expert-Hours Worked per Week""-""Expert-Hours Spent on Rookie Supervision per Week""",NA,NA,[],NA,regular,"""Expert-Hours on Task per Week""",0,1,NA,NA,NA,NA,auxiliary,Person*Hours/Week
7,Week,150,NA,0,workforce,2,0.03125,,NA,"['Hours of Supervision Required per Rookie Per Week', 'Rookies']","""Expert-Hours Spent on Rookie Supervision per Week""=Hours of Supervision Required per Rookie Per Week * Rookies",Hours of Supervision Required per Rookie Per Week * Rookies,NA,NA,[],NA,regular,"""Expert-Hours Spent on Rookie Supervision per Week""",0,1,NA,NA,NA,NA,auxiliary,Hours*Person/Week
8,Week,150,NA,0,workforce,2,0.03125,,NA,"['Experts', 'Expert Workweek']","""Expert-Hours Worked per Week""=Experts*Expert Workweek",Experts*Expert Workweek,NA,NA,[],NA,regular,"""Expert-Hours Worked per Week""",0,1,NA,NA,NA,NA,auxiliary,Hours*Person/Week
9,Week,150,no,0,workforce,2,0.03125,,NA,"['Maturation', 'Departure', '50']","Experts= INTEG (Maturation-Departure,50)","INTEG (Maturation-Departure,50)",Maturation-Departure,NA,[],50,regular,Experts,0,1,NA,NA,NA,NA,stock,
10,Week,150,NA,0,workforce,2,0.03125,,NA,"['Effect of Pressure on Hiring', 'Pressure to Hire']",Hiring=Effect of Pressure on Hiring(Pressure to Hire),Effect of Pressure on Hiring(Pressure to Hire),NA,NA,[],NA,regular,Hiring,0,1,NA,NA,NA,NA,flow,Persons/Week
11,Week,150,NA,0,workforce,0,0.03125,,NA,NA,Hours of Supervision Required per Rookie Per Week=20,20,NA,NA,[],NA,regular,Hours of Supervision Required per Rookie Per Week,0,1,NA,NA,NA,NA,constant,Person*Hours/Person
12,Week,150,NA,0,workforce,2,0.03125,,NA,"['Rookies', 'Maturation Time']",Maturation=Rookies/Maturation Time,Rookies/Maturation Time,NA,NA,[],NA,regular,Maturation,0,1,NA,NA,NA,NA,flow,Persons/Week
13,Week,150,NA,0,workforce,0,0.03125,,NA,NA,Maturation Time=15,15,NA,NA,[],NA,regular,Maturation Time,0,1,NA,NA,NA,NA,constant,"Weeks [0,80]"
14,Week,150,NA,0,workforce,3,0.03125,,NA,"['Task Backlog', 'Target Backlog', 'Target Backlog']",Pressure to Hire=(Task Backlog-Target Backlog)/Target Backlog,(Task Backlog-Target Backlog)/Target Backlog,NA,NA,[],NA,regular,Pressure to Hire,0,1,NA,NA,NA,NA,auxiliary,
15,Week,150,NA,0,workforce,2,0.03125,,NA,"['""Rookie-Hours on Task per Week""', 'Rookie Time per Task']","Rookie Task Completion=""Rookie-Hours on Task per Week""/Rookie Time per Task","""Rookie-Hours on Task per Week""/Rookie Time per Task",NA,NA,[],NA,regular,Rookie Task Completion,0,1,NA,NA,NA,NA,auxiliary,Tasks/Week
16,Week,150,NA,0,workforce,0,0.03125,,NA,NA,Rookie Time per Task=30,30,NA,NA,[],NA,regular,Rookie Time per Task,0,1,NA,NA,NA,NA,constant,Person*Hours
17,Week,150,NA,0,workforce,0,0.03125,,NA,NA,Rookie Workweek=40,40,NA,NA,[],NA,regular,Rookie Workweek,0,1,NA,NA,NA,NA,constant,Hours/Week
18,Week,150,NA,0,workforce,1,0.03125,,NA,"['""Rookie-Hours Worked per Week""']","""Rookie-Hours on Task per Week""=""Rookie-Hours Worked per Week""","""Rookie-Hours Worked per Week""",NA,NA,[],NA,regular,"""Rookie-Hours on Task per Week""",0,1,NA,NA,NA,NA,auxiliary,Person*Hours/Week
19,Week,150,NA,0,workforce,2,0.03125,,NA,"['Rookie Workweek', 'Rookies']","""Rookie-Hours Worked per Week""=Rookie Workweek * Rookies",Rookie Workweek * Rookies,NA,NA,[],NA,regular,"""Rookie-Hours Worked per Week""",0,1,NA,NA,NA,NA,auxiliary,Person Hours
20,Week,150,no,0,workforce,2,0.03125,,NA,"['Hiring', 'Maturation', '5']","Rookies= INTEG (Hiring-Maturation,5)","INTEG (Hiring-Maturation,5)",Hiring-Maturation,NA,[],5,regular,Rookies,0,1,NA,NA,NA,NA,stock,
21,Week,150,NA,0,workforce,0,0.03125,,NA,NA,Target Backlog=500,500,NA,NA,[],NA,regular,Target Backlog,0,1,NA,NA,NA,NA,constant,
22,Week,150,NA,0,workforce,1,0.03125,,NA,['230'],Task Arrival=230,230,NA,NA,[],NA,regular,Task Arrival,0,1,NA,NA,NA,NA,flow,Tasks/Week
23,Week,150,no,0,workforce,2,0.03125,,NA,"['Task Arrival', 'Task Completion', '500']","Task Backlog= INTEG (Task Arrival-Task Completion,500)","INTEG (Task Arrival-Task Completion,500)",Task Arrival-Task Completion,NA,[],500,regular,Task Backlog,0,1,NA,NA,NA,NA,stock,Tasks
24,Week,150,NA,0,workforce,3,0.03125,,NA,"['Expert Task Completion', 'Rookie Task Completion', 'Task Backlog']","Task Completion=MIN(Expert Task Completion+Rookie Task Completion, Task Backlog)","MIN(Expert Task Completion+Rookie Task Completion, Task Backlog)",NA,MIN,['MIN'],NA,simple function,Task Completion,1,1,NA,NA,NA,NA,flow,
